cue,numFlash,targetLoc,ISI,response,RT,accuracy,sub,SDT
0,1,3,23,1,0.00219691699930991,1,jh,CR
1,1,4,11,2,0.00417716700030724,0,jh,FA
0,2,6,23,2,0.00216454099972907,1,jh,HI
0,2,2,35,1,0.00182787499943515,0,jh,MI
1,2,5,23,1,0.0014355829989654,0,jh,MI
0,1,1,11,1,0.00152524999975867,1,jh,CR
1,1,1,35,1,0.00122262500008219,1,jh,CR
0,2,2,35,1,0.0012245840007381,0,jh,MI
1,2,1,23,1,0.00128666599994176,0,jh,MI
0,1,6,35,1,0.00122474999989208,1,jh,CR
0,1,1,11,1,0.00120787500054576,1,jh,CR
1,2,3,35,1,0.00122329199984961,0,jh,MI
1,1,4,23,2,0.00138037500073551,0,jh,FA
1,1,3,23,1,0.00121279199993296,1,jh,CR
1,1,2,23,1,0.00125774999833084,1,jh,CR
0,2,4,35,1,0.00148833300045226,0,jh,MI
1,1,2,23,1,0.00121470900012355,1,jh,CR
0,1,5,35,2,0.00123566699949151,0,jh,FA
0,1,3,11,1,0.00146583300011116,1,jh,CR
0,1,4,35,1,0.00121670900080062,1,jh,CR
0,1,6,23,1,0.00121816600039892,1,jh,CR
0,1,3,23,1,0.00126358399938908,1,jh,CR
1,2,1,35,1,0.0012957919989276,0,jh,MI
0,1,5,11,2,0.00122137499965902,0,jh,FA
0,2,3,35,1,0.00124137500097277,0,jh,MI
1,2,5,11,2,0.00123195900050632,1,jh,HI
0,1,2,23,2,0.00128445800146437,0,jh,FA
0,1,5,35,1,0.00126637500034121,1,jh,CR
0,1,2,35,1,0.0013055829986115,1,jh,CR
0,1,6,11,1,0.00122141700012435,1,jh,CR
1,1,6,23,2,0.00137200000062876,0,jh,FA
0,1,6,35,1,0.00135770800079626,1,jh,CR
1,2,6,35,1,0.00135662499997125,0,jh,MI
0,2,1,23,1,0.00129879199994321,0,jh,MI
1,1,4,23,1,0.00123487500059127,1,jh,CR
1,1,5,11,1,0.00122379200001888,1,jh,CR
1,1,1,35,1,0.00128029199913726,1,jh,CR
0,1,5,35,1,0.00126445800015063,1,jh,CR
0,2,6,23,1,0.00121766700067383,0,jh,MI
0,2,1,11,1,0.00146579099964583,0,jh,MI
1,1,1,23,1,0.00141700000131095,1,jh,CR
0,1,5,23,1,0.00124750000031781,1,jh,CR
0,1,3,35,1,0.00142899999991641,1,jh,CR
0,1,6,23,1,0.00120362499910698,1,jh,CR
0,2,5,35,1,0.00136595900039538,0,jh,MI
1,2,1,11,1,0.0012494999991759,0,jh,MI
0,1,1,35,1,0.00120833399887488,1,jh,CR
0,2,4,11,1,0.00146449999920151,0,jh,MI
0,2,1,23,1,0.00124529099957726,0,jh,MI
0,2,4,23,1,0.0012183750004624,0,jh,MI
0,1,4,23,1,0.00150391600072908,1,jh,CR
0,2,2,23,1,0.00122220899902459,0,jh,MI
1,1,6,35,1,0.00120108400005847,1,jh,CR
0,1,5,11,1,0.00126262500089069,1,jh,CR
1,2,5,23,1,0.00125362499966286,0,jh,MI
0,2,6,35,1,0.00135795899950608,0,jh,MI
1,1,4,11,1,0.00121029100046144,1,jh,CR
0,1,1,35,1,0.00126350000027742,1,jh,CR
1,2,5,35,1,0.00127229200006695,0,jh,MI
0,2,6,11,1,0.00123449999955483,0,jh,MI
0,2,2,35,1,0.00144629200076452,0,jh,MI
0,2,6,11,1,0.00131633400087594,0,jh,MI
1,1,3,23,1,0.00135475000024599,1,jh,CR
1,1,1,35,1,0.00127033299941104,1,jh,CR
0,1,4,23,1,0.00124537500050792,1,jh,CR
0,2,5,35,2,0.0012057919993822,1,jh,HI
1,2,5,35,2,0.00123237499974493,1,jh,HI
1,1,6,35,2,0.00125516599837283,0,jh,FA
1,2,6,11,1,0.00122008299877052,0,jh,MI
1,2,2,23,1,0.00129358400045021,0,jh,MI
0,2,6,11,1,0.00119241699940176,0,jh,MI
0,1,1,23,1,0.00134533399977954,1,jh,CR
0,2,2,11,1,0.00132570799905807,0,jh,MI
1,2,1,11,1,0.00123249999887776,0,jh,MI
0,2,1,35,1,0.00126075000116543,0,jh,MI
1,2,6,11,1,0.00147487499998533,0,jh,MI
0,2,4,23,1,0.0015107920007722,0,jh,MI
1,2,2,11,1,0.00118324999857577,0,jh,MI
1,2,5,11,1,0.00118420800026797,0,jh,MI
0,2,1,23,1,0.00120508399959363,0,jh,MI
1,1,6,11,1,0.00120091700046032,1,jh,CR
1,2,2,35,1,0.00119524999900023,0,jh,MI
1,2,4,35,1,0.00119779200031189,0,jh,MI
1,2,3,23,1,0.00135399999999208,0,jh,MI
0,1,2,23,1,0.00131695799973386,1,jh,CR
0,1,5,23,1,0.00119375000031141,1,jh,CR
1,1,4,35,1,0.0013217080013419,1,jh,CR
0,2,4,23,1,0.00124275000052876,0,jh,MI
0,2,2,11,1,0.00124304199925973,0,jh,MI
1,2,6,23,2,0.0012359579995973,1,jh,HI
1,1,6,23,1,0.0013593329986179,1,jh,CR
1,1,2,11,2,0.00145874999907392,0,jh,FA
0,2,5,11,1,0.00135370799944212,0,jh,MI
1,1,3,35,1,0.00124295800014806,1,jh,CR
1,1,3,11,2,0.00124804199913342,0,jh,FA
1,2,3,11,1,0.00140287499925762,0,jh,MI
0,2,5,23,1,0.00127116600015142,0,jh,MI
1,1,6,11,1,0.00125104099970486,1,jh,CR
0,1,1,23,1,0.00126904199896671,1,jh,CR
1,2,3,11,2,0.00121670800035645,1,jh,HI
0,1,3,35,1,0.00127129100110324,1,jh,CR
1,2,4,23,1,0.00127258300017274,0,jh,MI
1,2,4,35,1,0.00119550000090385,0,jh,MI
1,1,3,11,2,0.00138295900069352,0,jh,FA
1,2,3,23,1,0.00135891599893512,0,jh,MI
0,2,6,23,2,0.00120224999955099,1,jh,HI
1,2,2,35,1,0.00119749999976193,0,jh,MI
0,1,1,23,1,0.00122637499953271,1,jh,CR
0,1,4,11,1,0.00121258400031365,1,jh,CR
1,2,2,23,1,0.00126220799938892,0,jh,MI
0,1,6,35,1,0.00121666599989112,1,jh,CR
0,2,4,11,1,0.00125441700038209,0,jh,MI
1,2,6,35,1,0.00135599999885017,0,jh,MI
0,2,5,23,1,0.00125870800002303,0,jh,MI
1,2,1,11,1,0.00134966699988581,0,jh,MI
0,1,4,35,2,0.00118858299902058,0,jh,FA
1,1,5,11,1,0.00121450000006007,1,jh,CR
1,1,2,11,1,0.00121141700037697,1,jh,CR
0,2,2,11,1,0.0012949159990967,0,jh,MI
0,2,4,35,1,0.00119520800035389,0,jh,MI
0,2,3,35,1,0.0012545420013339,0,jh,MI
0,2,5,35,1,0.00143374999970547,0,jh,MI
1,2,3,35,1,0.00120454099851486,0,jh,MI
0,1,3,23,1,0.00119937499948719,1,jh,CR
0,2,5,11,1,0.00125437499991676,0,jh,MI
1,1,2,35,1,0.00120779199824028,1,jh,CR
1,2,1,35,1,0.00127700000120967,0,jh,MI
1,2,6,11,1,0.00138366700048209,0,jh,MI
1,2,2,11,1,0.00125587500042457,0,jh,MI
0,2,4,35,1,0.00124820800010639,0,jh,MI
1,1,4,11,1,0.00138645799961523,1,jh,CR
0,2,6,35,1,0.0012259159993846,0,jh,MI
1,1,6,11,1,0.00122408300012466,1,jh,CR
0,2,2,23,1,0.00121579099868541,0,jh,MI
1,2,4,23,1,0.00146208399928582,0,jh,MI
0,1,5,23,1,0.00125074999959907,1,jh,CR
1,2,2,35,1,0.00122766700042121,0,jh,MI
0,1,6,11,1,0.00127416600116703,1,jh,CR
1,1,5,35,1,0.00125316699995892,1,jh,CR
1,2,5,35,1,0.00124024999968242,0,jh,MI
1,2,6,23,1,0.00135145800049941,0,jh,MI
1,1,1,11,1,0.00120758299999579,1,jh,CR
0,1,4,11,1,0.0012109999988752,1,jh,CR
0,2,1,35,1,0.00148141699901316,0,jh,MI
1,2,5,23,1,0.00124058300025354,0,jh,MI
0,1,6,11,2,0.00119841599916981,0,jh,FA
1,1,5,11,1,0.00120570899889572,1,jh,CR
1,2,4,11,2,0.00123120799980825,1,jh,HI
0,2,2,23,2,0.00122962500063295,1,jh,HI
1,2,6,23,1,0.00121870799921453,0,jh,MI
0,1,3,35,1,0.00120662500012259,1,jh,CR
1,1,4,23,1,0.00120066700037569,1,jh,CR
1,1,2,35,1,0.00122404099965934,1,jh,CR
1,1,6,23,1,0.00120116600010078,1,jh,CR
0,1,2,11,1,0.00128962499911722,1,jh,CR
0,2,1,11,1,0.00124787499953527,0,jh,MI
0,2,3,23,1,0.00121050000052492,0,jh,MI
0,2,5,23,1,0.00121704100092757,0,jh,MI
1,1,5,23,1,0.00128170799871441,1,jh,CR
0,1,4,23,1,0.00153287500143051,1,jh,CR
0,2,1,11,1,0.00127970800167532,0,jh,MI
0,1,2,11,1,0.0012062080004398,1,jh,CR
0,1,3,11,1,0.00147662500057777,1,jh,CR
0,1,2,35,1,0.00132108300022082,1,jh,CR
1,2,4,11,1,0.00119333399925381,0,jh,MI
0,1,3,11,1,0.00130975000138278,1,jh,CR
0,2,3,35,1,0.00120250000145461,0,jh,MI
0,2,3,23,1,0.00124812500143889,0,jh,MI
1,1,3,35,1,0.00121225000111735,1,jh,CR
1,1,5,23,2,0.00122279199968034,0,jh,FA
0,1,2,23,1,0.00135862500064832,1,jh,CR
0,1,2,11,2,0.00121975000001839,0,jh,FA
1,2,4,35,1,0.0012618749988178,0,jh,MI
1,1,4,35,1,0.00139883399970131,1,jh,CR
0,1,1,35,1,0.00141808300031698,1,jh,CR
1,1,4,35,1,0.00119737499881012,1,jh,CR
1,2,1,35,1,0.00120920799963642,0,jh,MI
1,1,2,23,1,0.00138858299942513,1,jh,CR
0,2,3,23,1,0.00127387500106124,0,jh,MI
1,1,2,35,2,0.00130533399897104,0,jh,FA
1,1,1,11,1,0.00124779099860461,1,jh,CR
0,2,3,11,1,0.00120058300126402,0,jh,MI
0,2,4,11,1,0.00120366699957231,0,jh,MI
1,2,1,23,1,0.00119670899948687,0,jh,MI
1,1,6,35,1,0.00122533399917302,1,jh,CR
0,1,5,11,1,0.00121279199993296,1,jh,CR
1,2,1,23,1,0.0012134580010752,0,jh,MI
0,1,2,35,1,0.00124062500071886,1,jh,CR
1,2,2,11,1,0.00122891699902539,0,jh,MI
1,2,4,11,1,0.00145887500002573,0,jh,MI
1,1,5,35,1,0.00153887499982375,1,jh,CR
1,1,5,23,1,0.00135729199973866,1,jh,CR
0,2,3,11,1,0.00120608299948799,0,jh,MI
0,1,6,23,1,0.00124350000078266,1,jh,CR
1,1,5,35,1,0.00120466699991084,1,jh,CR
0,2,3,11,1,0.00125204100004339,0,jh,MI
0,2,5,11,1,0.00122745800035773,0,jh,MI
1,1,2,11,1,0.00120400000014342,1,jh,CR
0,2,6,35,1,0.00121162499999627,0,jh,MI
0,1,4,35,1,0.00125233300059335,1,jh,CR
1,1,1,23,1,0.00120537499969942,1,jh,CR
0,1,1,11,1,0.00119254200035357,1,jh,CR
1,1,3,35,1,0.00121662499986996,1,jh,CR
1,2,2,23,1,0.00127124999926309,0,jh,MI
1,2,3,35,1,0.00139141699946776,0,jh,MI
1,2,3,11,1,0.00123899999925925,0,jh,MI
0,2,1,35,1,0.00126312499924097,0,jh,MI
1,2,6,35,1,0.00121329099965806,0,jh,MI
0,1,4,11,1,0.0011951249998674,1,jh,CR
1,1,3,23,1,0.0013817500002915,1,jh,CR
1,2,3,23,1,0.00126229200031958,0,jh,MI
1,1,1,23,1,0.00136529200062796,1,jh,CR
1,1,1,11,1,0.0013017499986745,1,jh,CR
1,2,4,23,1,0.00120950000018638,0,jh,MI
1,1,3,11,1,0.00134695899942017,1,jh,CR
1,2,5,11,1,0.00136087500141002,0,jh,MI
1,1,5,35,1,0.00164616699998987,1,nk,CR
0,2,3,35,2,0.00476991599998655,1,nk,HI
0,2,4,35,2,0.00194679100013673,1,nk,HI
0,2,5,23,1,0.00148641700002372,0,nk,MI
1,1,2,11,2,0.00296949999983553,0,nk,FA
0,2,2,11,2,0.00141345799988812,1,nk,HI
0,2,5,11,2,0.001788667000028,1,nk,HI
0,2,6,11,2,0.00135045899992292,1,nk,HI
0,1,3,23,2,0.00120762500000637,0,nk,FA
0,2,1,23,2,0.00119741599996814,1,nk,HI
0,2,3,23,2,0.00115770799993697,1,nk,HI
0,2,1,11,1,0.0012475829998948,0,nk,MI
0,1,1,23,1,0.00131608299989239,1,nk,CR
1,1,4,23,1,0.00173449999988406,1,nk,CR
1,1,4,11,1,0.0013622920000671,1,nk,CR
1,1,2,11,1,0.00124708399994233,1,nk,CR
1,2,1,11,1,0.0011435410001468,0,nk,MI
0,2,1,35,2,0.00122445900001367,1,nk,HI
0,2,6,23,2,0.00117887500005054,1,nk,HI
0,1,2,35,2,0.00146833299982063,0,nk,FA
1,1,5,11,2,0.00121316600007049,0,nk,FA
0,1,6,11,2,0.00116575000015473,0,nk,FA
1,2,1,11,2,0.00115620900010072,1,nk,HI
0,1,2,11,2,0.00115433300015866,0,nk,FA
0,1,1,35,2,0.00141370799997276,0,nk,FA
0,2,2,35,2,0.00113874999988184,1,nk,HI
0,2,2,11,2,0.0013446660000227,1,nk,HI
1,2,4,11,2,0.00121279099994354,1,nk,HI
1,2,5,23,2,0.00118620900002497,1,nk,HI
0,1,6,11,2,0.00120895800000653,0,nk,FA
1,2,5,23,2,0.00115720799999508,1,nk,HI
1,2,3,35,2,0.00146691699978874,1,nk,HI
1,2,5,35,2,0.00119054199990387,1,nk,HI
1,1,3,11,2,0.00120587500009606,0,nk,FA
0,1,4,23,2,0.00119387499989898,0,nk,FA
0,2,4,23,2,0.00118620800003555,1,nk,HI
1,1,6,35,2,0.00123716600000989,0,nk,FA
0,2,5,35,2,0.00116037499992672,1,nk,HI
0,2,5,23,2,0.00119679199997336,1,nk,HI
0,2,4,35,2,0.00119583300011072,1,nk,HI
1,2,3,11,2,0.00129991699986931,1,nk,HI
1,1,2,35,1,0.00119095800005198,1,nk,CR
0,1,2,23,1,0.00115112499997849,1,nk,CR
1,1,3,35,2,0.00135766600010356,0,nk,FA
1,1,2,11,1,0.00117766699986532,1,nk,CR
1,2,6,35,1,0.0011845839999296,0,nk,MI
0,1,2,23,2,0.00117945800002417,0,nk,FA
1,2,5,11,2,0.00115320800000518,1,nk,HI
1,2,2,35,2,0.00120612499995332,1,nk,HI
1,1,2,23,1,0.00116745900004389,1,nk,CR
1,2,6,11,1,0.00139870899988637,0,nk,MI
0,2,3,35,2,0.00118358399981844,1,nk,HI
0,1,1,35,2,0.00113858399981837,0,nk,FA
0,1,2,35,1,0.00116666700000678,1,nk,CR
0,2,1,11,1,0.0011706249999861,0,nk,MI
0,1,1,23,1,0.00141541600009987,1,nk,CR
0,1,2,35,1,0.00116170800015425,1,nk,CR
1,2,6,35,2,0.00117508400012412,1,nk,HI
1,2,3,23,2,0.0011985830001322,1,nk,HI
1,2,6,11,2,0.00115474999984144,1,nk,HI
1,2,1,35,2,0.0012019999999211,1,nk,HI
0,2,6,23,2,0.00121779200003402,1,nk,HI
1,2,3,23,2,0.00117449999993369,1,nk,HI
1,1,5,35,2,0.00119454199989377,0,nk,FA
0,2,5,35,2,0.00116249999996398,1,nk,HI
0,1,3,11,2,0.00118383300014102,0,nk,FA
0,1,5,23,2,0.00114066599985563,0,nk,FA
1,1,1,23,1,0.001170792000039,1,nk,CR
1,2,5,23,1,0.00120204099994226,0,nk,MI
1,1,6,11,1,0.00119225000003098,1,nk,CR
0,2,5,11,2,0.00119954100000541,1,nk,HI
1,1,1,23,1,0.00133424999989984,1,nk,CR
0,2,4,11,2,0.00117175000013958,1,nk,HI
0,1,5,11,2,0.00121116700006496,0,nk,FA
1,2,2,11,2,0.00113779200000863,1,nk,HI
0,1,2,11,1,0.00120333299992126,1,nk,CR
1,2,3,11,1,0.00116304199991646,0,nk,MI
1,2,6,23,2,0.0012960409999323,1,nk,HI
0,1,3,35,1,0.00134562499988533,1,nk,CR
0,2,4,11,2,0.00135045800016087,1,nk,HI
1,1,3,11,1,0.00118912500010993,1,nk,CR
0,1,5,35,2,0.00138850000007551,0,nk,FA
1,2,2,11,1,0.00114845900020555,0,nk,MI
0,1,6,23,2,0.00120108400005847,0,nk,FA
1,1,2,35,1,0.00114591700003075,1,nk,CR
0,1,6,35,2,0.00117166599989105,0,nk,FA
0,2,4,11,2,0.00120874999993248,1,nk,HI
1,2,1,23,2,0.00119674999996278,1,nk,HI
0,1,1,11,2,0.00121450000006007,0,nk,FA
0,2,1,23,1,0.00130083299995931,0,nk,MI
0,1,3,11,2,0.00115416700009519,0,nk,FA
0,1,6,23,2,0.0012110830000438,0,nk,FA
1,2,2,23,1,0.00122954200014647,0,nk,MI
1,1,5,23,2,0.00114883299988833,0,nk,FA
1,1,2,23,1,0.00116899999989073,1,nk,CR
1,1,4,35,1,0.00112825000019257,1,nk,CR
1,1,4,23,2,0.00119133299995156,0,nk,FA
1,1,5,35,1,0.00426704200003769,1,nk,CR
1,1,1,35,1,0.0011979999999312,1,nk,CR
0,2,6,35,1,0.00113129199985451,0,nk,MI
0,2,3,23,2,0.00122899999996662,1,nk,HI
1,2,5,35,1,0.00121358299998064,0,nk,MI
0,1,3,23,2,0.00137354200001027,0,nk,FA
0,1,5,23,1,0.0011589579999054,1,nk,CR
1,1,5,11,2,0.00118937499996719,0,nk,FA
0,1,4,35,2,0.00117762500008212,0,nk,FA
1,1,4,11,2,0.00120400000014342,0,nk,FA
0,1,4,23,2,0.00121779200003402,0,nk,FA
1,2,1,23,2,0.00116825000009158,1,nk,HI
1,2,3,35,1,0.00130212499993831,0,nk,MI
1,1,6,23,1,0.00118062499996086,1,nk,CR
1,1,6,35,1,0.00115529200002129,1,nk,CR
1,2,6,35,1,0.00115179199997328,0,nk,MI
0,2,5,23,2,0.00115133299982517,1,nk,HI
0,2,1,35,2,0.00116924999997536,1,nk,HI
1,2,2,35,2,0.00124695800013797,1,nk,HI
1,1,3,35,2,0.00123120900002505,0,nk,FA
0,1,3,23,1,0.00123050000001967,1,nk,CR
1,1,1,11,2,0.00113383400002931,0,nk,FA
1,2,5,11,1,0.00126683300004515,0,nk,MI
0,1,4,35,2,0.00118220800004565,0,nk,FA
1,2,5,11,1,0.00130650000005517,0,nk,MI
1,2,4,11,1,0.00129170900004283,0,nk,MI
0,1,6,35,2,0.00116120799998498,0,nk,FA
0,2,3,11,2,0.00115816699985771,1,nk,HI
0,2,3,11,2,0.00116587499996967,1,nk,HI
1,2,4,35,2,0.00121995799986507,1,nk,HI
0,1,4,23,2,0.00114912499998354,0,nk,FA
1,2,2,23,2,0.001208540999869,1,nk,HI
1,2,4,35,2,0.00120558399999027,1,nk,HI
0,2,6,11,2,0.00138462499990055,1,nk,HI
0,1,3,11,2,0.00140270800011422,0,nk,FA
1,2,6,11,2,0.0011452090000148,1,nk,HI
1,2,4,23,1,0.00118587499991918,0,nk,MI
1,1,3,23,2,0.00117266700021901,0,nk,FA
0,1,2,23,2,0.00142191700001604,0,nk,FA
1,2,1,35,2,0.00120358300000589,1,nk,HI
1,1,4,35,2,0.00116970900012348,0,nk,FA
0,2,6,23,2,0.0011787920000188,1,nk,HI
0,2,5,35,2,0.0011989590000212,1,nk,HI
0,2,6,35,2,0.0011818329999187,1,nk,HI
1,1,6,23,2,0.00129929099989567,0,nk,FA
0,2,4,23,1,0.00120291700000053,0,nk,MI
0,2,1,35,2,0.00118299999985538,1,nk,HI
0,2,3,11,2,0.00122391599984439,1,nk,HI
1,1,6,11,2,0.0013232500000413,0,nk,FA
1,1,2,23,1,0.00116420900008052,1,nk,CR
1,1,1,11,1,0.00115266700004213,1,nk,CR
1,1,1,11,1,0.00131149999992886,1,nk,CR
1,2,4,11,1,0.00119320800013156,0,nk,MI
0,2,5,11,1,0.0011589579999054,0,nk,MI
1,1,5,11,2,0.0011642499998743,0,nk,FA
0,2,6,11,1,0.00115087499989386,0,nk,MI
0,2,3,35,2,0.00119404100018983,1,nk,HI
1,1,1,35,2,0.0013392500000009,0,nk,FA
1,1,1,23,2,0.00135933399997157,0,nk,FA
1,2,3,11,1,0.00119095800005198,0,nk,MI
0,1,6,11,2,0.00139208299992788,0,nk,FA
1,1,5,23,1,0.00120650000008027,1,nk,CR
0,1,5,35,2,0.00123445899998842,0,nk,FA
0,2,3,23,2,0.00116474999981619,1,nk,HI
1,1,3,11,1,0.00120087499999499,1,nk,CR
1,1,6,11,1,0.00118583300013597,1,nk,CR
1,1,4,35,2,0.00142495800014331,0,nk,FA
0,2,2,11,2,0.00136195799996131,1,nk,HI
1,1,3,35,2,0.00147483299997475,0,nk,FA
0,1,6,23,1,0.00137162500004706,1,nk,CR
0,2,1,11,2,0.00136570800009395,1,nk,HI
0,2,4,35,2,0.00138016699997934,1,nk,HI
1,2,1,23,2,0.00128341699996781,1,nk,HI
1,1,3,23,2,0.00140387499982353,0,nk,FA
1,2,2,11,2,0.00135816700003488,1,nk,HI
0,1,5,35,1,0.00150966700016397,1,nk,CR
1,2,2,23,2,0.00130237500002295,1,nk,HI
0,1,1,11,1,0.00127779200010991,1,nk,CR
0,1,1,11,2,0.00140583300003527,0,nk,FA
1,1,6,23,1,0.00124966699991091,1,nk,CR
1,2,1,11,1,0.00116737500002273,0,nk,MI
0,2,4,23,2,0.00113799999985531,1,nk,HI
0,2,6,35,2,0.0013110830000187,1,nk,HI
1,1,3,23,1,0.00126404200000252,1,nk,CR
0,1,4,11,1,0.00118145900000854,1,nk,CR
1,2,6,23,2,0.00126870799999779,1,nk,HI
1,2,6,23,2,0.00117529200019817,1,nk,HI
0,2,2,23,2,0.00116966699988552,1,nk,HI
1,2,5,35,2,0.00117704100011906,1,nk,HI
1,1,6,35,1,0.00119066700017356,1,nk,CR
1,2,4,23,2,0.00123045800000909,1,nk,HI
1,2,3,35,2,0.00117254199994932,1,nk,HI
1,2,4,23,2,0.00131991599982939,1,nk,HI
0,1,5,23,2,0.00119016700000429,0,nk,FA
0,1,3,35,2,0.00130799999988085,0,nk,FA
0,1,1,23,2,0.0011501250000947,0,nk,FA
1,2,2,35,2,0.00119808300019031,1,nk,HI
1,1,2,35,2,0.00117133300000205,0,nk,FA
0,1,2,11,1,0.00115520899998955,1,nk,CR
0,1,6,35,1,0.00112379100005455,1,nk,CR
0,1,5,11,2,0.00115854099999524,0,nk,FA
0,1,1,35,2,0.00115095799992559,0,nk,FA
1,1,4,23,1,0.00118004199998722,1,nk,CR
0,2,2,35,2,0.0011680840000281,1,nk,HI
0,2,2,23,2,0.00144262499998149,1,nk,HI
1,2,3,23,1,0.0011893329999566,0,nk,MI
0,2,2,23,2,0.00129866600013884,1,nk,HI
0,1,4,11,2,0.00115554199987855,0,nk,FA
1,1,1,35,1,0.00113424999995004,1,nk,CR
0,2,2,35,2,0.00117320899994411,1,nk,HI
0,1,5,11,1,0.00137633300005291,1,nk,CR
0,1,3,35,2,0.00112912500003404,0,nk,FA
1,2,4,35,2,0.00120108300006905,1,nk,HI
0,2,1,23,2,0.00113095900019289,1,nk,HI
1,2,1,35,2,0.00121370800002296,1,nk,HI
1,1,5,23,1,0.00116316699995878,1,nk,CR
0,1,4,11,2,0.00119629099981466,0,nk,FA
0,1,4,35,2,0.00144479200002934,0,nk,FA
1,1,4,11,1,0.0011867919999986,1,nk,CR
1,1,5,35,1,0.00173962500048219,1,rr,CR
0,2,3,35,2,0.00435474999994767,1,rr,HI
0,2,4,35,2,0.00209491599980538,1,rr,HI
0,2,5,23,1,0.00141333299961843,0,rr,MI
1,1,2,11,1,0.00231375000021217,1,rr,CR
0,2,2,11,1,0.00163120900015201,0,rr,MI
0,2,5,11,1,0.00160308300019096,0,rr,MI
0,2,6,11,1,0.00127516700013075,0,rr,MI
0,1,3,23,1,0.00126770899987605,1,rr,CR
0,2,1,23,1,0.00109658299970761,0,rr,MI
0,2,3,23,1,0.00110237499939103,0,rr,MI
0,2,1,11,1,0.00108600000021397,0,rr,MI
0,1,1,23,1,0.00110945800042828,1,rr,CR
1,1,4,23,1,0.00115708300018014,1,rr,CR
1,1,4,11,1,0.00107562500033964,1,rr,CR
1,1,2,11,1,0.00107929199930368,1,rr,CR
1,2,1,11,1,0.00117566700009775,0,rr,MI
0,2,1,35,2,0.0015702919999967,1,rr,HI
0,2,6,23,1,0.00135633300033078,0,rr,MI
0,1,2,35,1,0.00109604200042668,1,rr,CR
1,1,5,11,1,0.00125712499993824,1,rr,CR
0,1,6,11,1,0.00125520799974765,1,rr,CR
1,2,1,11,1,0.0012204999993628,0,rr,MI
0,1,2,11,1,0.00132154200036894,1,rr,CR
0,1,1,35,1,0.00114029199994548,1,rr,CR
0,2,2,35,1,0.00109304200032057,0,rr,MI
0,2,2,11,1,0.00114049999956478,0,rr,MI
1,2,4,11,1,0.00112762499975361,0,rr,MI
1,2,5,23,2,0.00122029199974349,1,rr,HI
0,1,6,11,1,0.00126720799926261,1,rr,CR
1,2,5,23,2,0.00154433299940138,1,rr,HI
1,2,3,35,2,0.00120254099965678,1,rr,HI
1,2,5,35,2,0.0011545000006663,1,rr,HI
1,1,3,11,1,0.00109687500025757,1,rr,CR
0,1,4,23,1,0.00110270900040632,1,rr,CR
0,2,4,23,2,0.00112649999937275,1,rr,HI
1,1,6,35,1,0.0011186669999006,1,rr,CR
0,2,5,35,2,0.00109204199998203,1,rr,HI
0,2,5,23,1,0.00111095800002659,0,rr,MI
0,2,4,35,2,0.00109583299945371,1,rr,HI
1,2,3,11,1,0.00144091700076387,0,rr,MI
1,1,2,35,1,0.0011106669999208,1,rr,CR
0,1,2,23,1,0.00109812499977124,1,rr,CR
1,1,3,35,2,0.00113079199945787,0,rr,FA
1,1,2,11,2,0.00111616599951958,0,rr,FA
1,2,6,35,2,0.00113916699956462,1,rr,HI
0,1,2,23,1,0.00114587499956542,1,rr,CR
1,2,5,11,2,0.00110037500053295,1,rr,HI
1,2,2,35,2,0.00109900000006746,1,rr,HI
1,1,2,23,1,0.0011232500000915,1,rr,CR
1,2,6,11,1,0.0010953340006381,0,rr,MI
0,2,3,35,2,0.00108554200051003,1,rr,HI
0,1,1,35,1,0.00111537500015402,1,rr,CR
0,1,2,35,1,0.00113320900072722,1,rr,CR
0,2,1,11,1,0.00135566699918854,0,rr,MI
0,1,1,23,1,0.00124720799976785,1,rr,CR
0,1,2,35,1,0.00108041700059403,1,rr,CR
1,2,6,35,2,0.001103833000343,1,rr,HI
1,2,3,23,1,0.00109429099939007,0,rr,MI
1,2,6,11,1,0.00109183299991855,0,rr,MI
1,2,1,35,2,0.00112449999960518,1,rr,HI
0,2,6,23,1,0.00114029199994548,0,rr,MI
1,2,3,23,2,0.00108958300006634,1,rr,HI
1,1,5,35,1,0.00120749999950931,1,rr,CR
0,2,5,35,2,0.00114995800049655,1,rr,HI
0,1,3,11,1,0.00112333400011266,1,rr,CR
0,1,5,23,1,0.00107458299953578,1,rr,CR
1,1,1,23,1,0.00109879100000398,1,rr,CR
1,2,5,23,2,0.00112445900049352,1,rr,HI
1,1,6,11,2,0.00113854099981836,0,rr,FA
0,2,5,11,1,0.00120754199997464,0,rr,MI
1,1,1,23,1,0.00109633299962297,1,rr,CR
0,2,4,11,1,0.00124954100010655,0,rr,MI
0,1,5,11,1,0.00113908299954346,1,rr,CR
1,2,2,11,2,0.00113712500024121,1,rr,HI
0,1,2,11,1,0.00109745800000383,1,rr,CR
1,2,3,11,2,0.00115508300041256,1,rr,HI
1,2,6,23,2,0.00114745799965021,1,rr,HI
0,1,3,35,1,0.00117312499969557,1,rr,CR
0,2,4,11,1,0.00110308399962378,0,rr,MI
1,1,3,11,1,0.0011002080000253,1,rr,CR
0,1,5,35,1,0.00117133399999148,1,rr,CR
1,2,2,11,1,0.0011123750000479,0,rr,MI
0,1,6,23,2,0.00116449999950419,0,rr,FA
1,1,2,35,1,0.00108279100004438,1,rr,CR
0,1,6,35,1,0.00109479200000351,1,rr,CR
0,2,4,11,2,0.00107991699951526,1,rr,HI
1,2,1,23,1,0.00111004199970921,0,rr,MI
0,1,1,11,1,0.00110445900008926,1,rr,CR
0,2,1,23,1,0.00115708400062431,0,rr,MI
0,1,3,11,1,0.00113629200041032,1,rr,CR
0,1,6,23,1,0.00135258399950544,1,rr,CR
1,2,2,23,1,0.00130466599966894,0,rr,MI
1,1,5,23,1,0.00112150000040856,1,rr,CR
1,1,2,23,1,0.00115237499994691,1,rr,CR
1,1,4,35,1,0.00118529199971817,1,rr,CR
1,1,4,23,1,0.00113166699975409,1,rr,CR
1,1,5,35,1,0.00107795800067834,1,rr,CR
1,1,1,35,1,0.00112945799992303,1,rr,CR
0,2,6,35,2,0.00128262500038545,1,rr,HI
0,2,3,23,2,0.00113266599964845,1,rr,HI
1,2,5,35,2,0.00116041599994787,1,rr,HI
0,1,3,23,1,0.00107254200065654,1,rr,CR
0,1,5,23,1,0.00124708300063503,1,rr,CR
1,1,5,11,1,0.00111358300000575,1,rr,CR
0,1,4,35,1,0.0012005839998892,1,rr,CR
1,1,4,11,1,0.0011230420004722,1,rr,CR
0,1,4,23,1,0.00108970800010866,1,rr,CR
1,2,1,23,1,0.0010852920004254,0,rr,MI
1,2,3,35,1,0.00120220799999515,0,rr,MI
1,1,6,23,1,0.00115975000062463,1,rr,CR
1,1,6,35,1,0.00111916700006987,1,rr,CR
1,2,6,35,2,0.00110570800006826,1,rr,HI
0,2,5,23,2,0.00111787500009086,1,rr,HI
0,2,1,35,2,0.00121470900012355,1,rr,HI
1,2,2,35,2,0.00109387500015146,1,rr,HI
1,1,3,35,1,0.00128470799973002,1,rr,CR
0,1,3,23,2,0.00113820899969141,0,rr,FA
1,1,1,11,1,0.00124370899993664,1,rr,CR
1,2,5,11,1,0.00108029199964221,0,rr,MI
0,1,4,35,1,0.0011248330001763,1,rr,CR
1,2,5,11,1,0.00131766599952243,0,rr,MI
1,2,4,11,1,0.00111204199947679,0,rr,MI
0,1,6,35,2,0.00111220799954026,0,rr,FA
0,2,3,11,1,0.00109387500015146,0,rr,MI
0,2,3,11,1,0.00110099999983504,0,rr,MI
1,2,4,35,2,0.0010978750005961,1,rr,HI
0,1,4,23,1,0.00112787499983824,1,rr,CR
1,2,2,23,1,0.00109874999998283,0,rr,MI
1,2,4,35,2,0.00111741700038692,1,rr,HI
0,2,6,11,1,0.00106995799978904,0,rr,MI
0,1,3,11,2,0.00112366699977429,0,rr,FA
1,2,6,11,1,0.00116291599988472,0,rr,MI
1,2,4,23,1,0.0013695830002689,0,rr,MI
1,1,3,23,1,0.00120595899988984,1,rr,CR
0,1,2,23,1,0.00108512499991775,1,rr,CR
1,2,1,35,2,0.00126587500017195,1,rr,HI
1,1,4,35,1,0.00114099999973405,1,rr,CR
0,2,6,23,2,0.0011380839996491,1,rr,HI
0,2,5,35,2,0.001165917000435,1,rr,HI
0,2,6,35,2,0.00110995800059754,1,rr,HI
1,1,6,23,1,0.00109270799930528,1,rr,CR
0,2,4,23,2,0.00109866700040584,1,rr,HI
0,2,1,35,2,0.00110700000004726,1,rr,HI
0,2,3,11,1,0.0010852919995159,0,rr,MI
1,1,6,11,1,0.00109900000006746,1,rr,CR
1,1,2,23,1,0.00110270799996215,1,rr,CR
1,1,1,11,1,0.00114512499931152,1,rr,CR
1,1,1,11,1,0.00115316600022197,1,rr,CR
1,2,4,11,1,0.00113608299943735,0,rr,MI
0,2,5,11,1,0.0010822089998328,0,rr,MI
1,1,5,11,1,0.00114129199937452,1,rr,CR
0,2,6,11,1,0.00113195799985988,0,rr,MI
0,2,3,35,1,0.00108570799966401,0,rr,MI
1,1,1,35,1,0.00109229200006666,1,rr,CR
1,1,1,23,1,0.00111166700025933,1,rr,CR
1,2,3,11,1,0.00109083299958002,0,rr,MI
0,1,6,11,1,0.00113633299952198,1,rr,CR
1,1,5,23,1,0.00125649999972666,1,rr,CR
0,1,5,35,1,0.00110945799951878,1,rr,CR
0,2,3,23,2,0.00110624999979336,1,rr,HI
1,1,3,11,1,0.00120975000027101,1,rr,CR
1,1,6,11,1,0.00109762500051147,1,rr,CR
1,1,4,35,1,0.0010992499992426,1,rr,CR
0,2,2,11,1,0.00107866700000159,0,rr,MI
1,1,3,35,1,0.00107341700004326,1,rr,CR
0,1,6,23,1,0.00109283400070126,1,rr,CR
0,2,1,11,1,0.00114154200036864,0,rr,MI
0,2,4,35,2,0.00107666699932452,1,rr,HI
1,2,1,23,1,0.00112333299966849,0,rr,MI
1,1,3,23,1,0.00113124999916181,1,rr,CR
1,2,2,11,1,0.0010798330004036,0,rr,MI
0,1,5,35,1,0.00113225000040984,1,rr,CR
1,2,2,23,1,0.00141791700025351,0,rr,MI
0,1,1,11,1,0.00108487499983312,1,rr,CR
0,1,1,11,1,0.0012442919996829,1,rr,CR
1,1,6,23,1,0.00110720900011074,1,rr,CR
1,2,1,11,1,0.00108262499998091,0,rr,MI
0,2,4,23,2,0.00107716700040328,1,rr,HI
0,2,6,35,2,0.00111612500040792,1,rr,HI
1,1,3,23,1,0.00111983300030261,1,rr,CR
0,1,4,11,1,0.00113924999914161,1,rr,CR
1,2,6,23,2,0.0011410410006647,1,rr,HI
1,2,6,23,1,0.00114899999971385,0,rr,MI
0,2,2,23,2,0.00110195900015242,1,rr,HI
1,2,5,35,2,0.00112824999996519,1,rr,HI
1,1,6,35,1,0.00108841700057383,1,rr,CR
1,2,4,23,1,0.00109620900002483,0,rr,MI
1,2,3,35,1,0.00112050000007002,0,rr,MI
1,2,4,23,2,0.00133774999994785,1,rr,HI
0,1,5,23,1,0.00113554200015642,1,rr,CR
0,1,3,35,1,0.00118645800012018,1,rr,CR
0,1,1,23,1,0.00126258299951587,1,rr,CR
1,2,2,35,2,0.00110833300004742,1,rr,HI
1,1,2,35,1,0.00135645899990777,1,rr,CR
0,1,2,11,1,0.00109612500000367,1,rr,CR
0,1,6,35,1,0.00110270799996215,1,rr,CR
0,1,5,11,2,0.00114483400011522,0,rr,FA
0,1,1,35,1,0.00108566700055235,1,rr,CR
1,1,4,23,1,0.00113808300011442,1,rr,CR
0,2,2,35,2,0.00111079100042843,1,rr,HI
0,2,2,23,2,0.00109687500025757,1,rr,HI
1,2,3,23,1,0.00114479100011522,0,rr,MI
0,2,2,23,2,0.00115350000032777,1,rr,HI
0,1,4,11,1,0.00116249999973661,1,rr,CR
1,1,1,35,1,0.00122933300008299,1,rr,CR
0,2,2,35,2,0.00115624999943975,1,rr,HI
0,1,5,11,1,0.00108620799983328,1,rr,CR
0,1,3,35,1,0.00113395799962746,1,rr,CR
1,2,4,35,2,0.00109279200023593,1,rr,HI
0,2,1,23,1,0.00111104099960357,0,rr,MI
1,2,1,35,2,0.00110912499985716,1,rr,HI
1,1,5,23,2,0.00109320899991872,0,rr,FA
0,1,4,11,1,0.0011170839998158,1,rr,CR
0,1,4,35,1,0.00111575000028097,1,rr,CR
1,1,4,11,1,0.00107395900067786,1,rr,CR
0,1,3,23,1,0.00197762499919918,1,ss,CR
1,1,4,11,1,0.00221595899984095,1,ss,CR
0,2,6,23,1,0.00389687500046421,0,ss,MI
0,2,2,35,2,0.00205016600011731,1,ss,HI
1,2,5,23,2,0.00126895800076454,1,ss,HI
0,1,1,11,1,0.00131725000028382,1,ss,CR
1,1,1,35,1,0.0012103750004826,1,ss,CR
0,2,2,35,2,0.00119387500035373,1,ss,HI
1,2,1,23,1,0.00117750000026717,0,ss,MI
0,1,6,35,1,0.00119045900009951,1,ss,CR
0,1,1,11,1,0.00134524999975838,1,ss,CR
1,2,3,35,2,0.00125645800017082,1,ss,HI
1,1,4,23,1,0.00117387499994948,1,ss,CR
1,1,3,23,1,0.00116220800009614,1,ss,CR
1,1,2,23,1,0.00119499999982509,1,ss,CR
0,2,4,35,2,0.00116829200032953,1,ss,HI
1,1,2,23,1,0.00119499999982509,1,ss,CR
0,1,5,35,1,0.00121391700031381,1,ss,CR
0,1,3,11,1,0.00120104200050264,1,ss,CR
0,1,4,35,1,0.00130087500019727,1,ss,CR
0,1,6,23,2,0.0011865830001625,0,ss,FA
0,1,3,23,1,0.00122970800020994,1,ss,CR
1,2,1,35,2,0.00121833399953175,1,ss,HI
0,1,5,11,2,0.00116045899994788,0,ss,FA
0,2,3,35,2,0.00121124999986932,1,ss,HI
1,2,5,11,1,0.00116979099948367,0,ss,MI
0,1,2,23,1,0.00122416599970165,1,ss,CR
0,1,5,35,2,0.0012031249998472,0,ss,FA
0,1,2,35,1,0.00115641600041272,1,ss,CR
0,1,6,11,2,0.00141533399983018,0,ss,FA
1,1,6,23,1,0.00120366600003763,1,ss,CR
0,1,6,35,1,0.00115620799988392,1,ss,CR
1,2,6,35,2,0.00121466700056772,1,ss,HI
0,2,1,23,2,0.00121529199986981,1,ss,HI
1,1,4,23,1,0.00118820799980313,1,ss,CR
1,1,5,11,1,0.0012553749993458,1,ss,CR
1,1,1,35,1,0.00118649999967602,1,ss,CR
0,1,5,35,2,0.00116195800001151,0,ss,FA
0,2,6,23,2,0.00118629200005671,1,ss,HI
0,2,1,11,1,0.0014112919998297,0,ss,MI
1,1,1,23,1,0.00120295800024905,1,ss,CR
0,1,5,23,2,0.001182749999316,0,ss,FA
0,1,3,35,2,0.00118704099986644,0,ss,FA
0,1,6,23,2,0.00119345799976145,0,ss,FA
0,2,5,35,2,0.00124154200057092,1,ss,HI
1,2,1,11,1,0.00133383299998968,0,ss,MI
0,1,1,35,1,0.00124529099957726,1,ss,CR
0,2,4,11,2,0.00121549999948911,1,ss,HI
0,2,1,23,2,0.00123274999987188,1,ss,HI
0,2,4,23,2,0.00121229099931952,1,ss,HI
0,1,4,23,1,0.00118149999980233,1,ss,CR
0,2,2,23,1,0.00118874999952823,0,ss,MI
1,1,6,35,1,0.00122866600031557,1,ss,CR
0,1,5,11,2,0.00122462499984977,0,ss,FA
1,2,5,23,2,0.0012530420008261,1,ss,HI
0,2,6,35,2,0.00124270800006343,1,ss,HI
1,1,4,11,1,0.00145324999994045,1,ss,CR
0,1,1,35,1,0.00122116700003971,1,ss,CR
1,2,5,35,2,0.00129445899983693,1,ss,HI
0,2,6,11,2,0.00117908399988664,1,ss,HI
0,2,2,35,2,0.00122916700001952,1,ss,HI
0,2,6,11,2,0.00118129199927353,1,ss,HI
1,1,3,23,1,0.00129629200000636,1,ss,CR
1,1,1,35,1,0.00114841699996759,1,ss,CR
0,1,4,23,1,0.00117470900022454,1,ss,CR
0,2,5,35,2,0.00142633300038142,1,ss,HI
1,2,5,35,2,0.00121929100077978,1,ss,HI
1,1,6,35,1,0.00118820799980313,1,ss,CR
1,2,6,11,1,0.00118308300079661,0,ss,MI
1,2,2,23,2,0.0012191250007163,1,ss,HI
0,2,6,11,2,0.00135004200001276,1,ss,HI
0,1,1,23,1,0.00116741700003331,1,ss,CR
0,2,2,11,1,0.00122399999963818,0,ss,MI
1,2,1,11,1,0.00122154099972249,0,ss,MI
0,2,1,35,2,0.00122658400050568,1,ss,HI
1,2,6,11,1,0.00123058400004084,0,ss,MI
0,2,4,23,2,0.00120520800010127,1,ss,HI
1,2,2,11,1,0.00124400000004243,0,ss,MI
1,2,5,11,1,0.00117208299980121,0,ss,MI
0,2,1,23,2,0.00119062500016298,1,ss,HI
1,1,6,11,1,0.00116758300009678,1,ss,CR
1,2,2,35,2,0.00120624999999563,1,ss,HI
1,2,4,35,2,0.00116087500009598,1,ss,HI
1,2,3,23,2,0.00145758299913723,1,ss,HI
0,1,2,23,1,0.00126120799995988,1,ss,CR
0,1,5,23,2,0.00128524999945512,0,ss,FA
1,1,4,35,1,0.00127545800023654,1,ss,CR
0,2,4,23,2,0.00149187500028347,1,ss,HI
0,2,2,11,2,0.00120658300056675,1,ss,HI
1,2,6,23,2,0.00136900000052265,1,ss,HI
1,1,6,23,2,0.00120429100024921,0,ss,FA
1,1,2,11,1,0.00134879200049909,1,ss,CR
0,2,5,11,2,0.00135858300018299,1,ss,HI
1,1,3,35,1,0.00143262500023411,1,ss,CR
1,1,3,11,1,0.00138891700044041,1,ss,CR
1,2,3,11,1,0.00120062499991036,0,ss,MI
0,2,5,23,2,0.00118445799944311,1,ss,HI
1,1,6,11,1,0.00142787500044506,1,ss,CR
0,1,1,23,1,0.00121566599955258,1,ss,CR
1,2,3,11,2,0.0013243749999674,1,ss,HI
0,1,3,35,1,0.00117012500049896,1,ss,CR
1,2,4,23,2,0.00124154200057092,1,ss,HI
1,2,4,35,2,0.00134520899973722,1,ss,HI
1,1,3,11,1,0.00124608300029649,1,ss,CR
1,2,3,23,1,0.00120133300060843,0,ss,MI
0,2,6,23,2,0.00122075000035693,1,ss,HI
1,2,2,35,2,0.00121991699961654,1,ss,HI
0,1,1,23,1,0.00119083399931696,1,ss,CR
0,1,4,11,1,0.00119200000062847,1,ss,CR
1,2,2,23,1,0.00133829100013827,0,ss,MI
0,1,6,35,1,0.00117208299980121,1,ss,CR
0,2,4,11,2,0.00123479100057011,1,ss,HI
1,2,6,35,2,0.0012259589993846,1,ss,HI
0,2,5,23,2,0.0012083330002497,1,ss,HI
1,2,1,11,1,0.00119900000026973,0,ss,MI
0,1,4,35,1,0.00123908300065523,1,ss,CR
1,1,5,11,1,0.00123254199934308,1,ss,CR
1,1,2,11,1,0.00118258299971785,1,ss,CR
0,2,2,11,1,0.00117074999980105,0,ss,MI
0,2,4,35,2,0.00117437500011874,1,ss,HI
0,2,3,35,2,0.00121033399955195,1,ss,HI
0,2,5,35,2,0.00130583299960563,1,ss,HI
1,2,3,35,2,0.00119937499948719,1,ss,HI
0,1,3,23,2,0.00122845799978677,0,ss,FA
0,2,5,11,2,0.00119145799999387,1,ss,HI
1,1,2,35,1,0.00119887500022742,1,ss,CR
1,2,1,35,2,0.00119850000010047,1,ss,HI
1,2,6,11,1,0.00121312499959458,0,ss,MI
1,2,2,11,1,0.00135833300009836,0,ss,MI
0,2,4,35,2,0.00123712499953399,1,ss,HI
1,1,4,11,1,0.00119891599933908,1,ss,CR
0,2,6,35,2,0.00120579200029169,1,ss,HI
1,1,6,11,1,0.00117966700054239,1,ss,CR
0,2,2,23,2,0.00118608299999323,1,ss,HI
1,2,4,23,2,0.00118816699978197,1,ss,HI
0,1,5,23,2,0.00151695900058257,0,ss,FA
1,2,2,35,2,0.00117820800005575,1,ss,HI
0,1,6,11,2,0.001196959000481,0,ss,FA
1,1,5,35,1,0.00140412499968079,1,ss,CR
1,2,5,35,2,0.00145249999968655,1,ss,HI
1,2,6,23,2,0.00116337500003283,1,ss,HI
1,1,1,11,1,0.00116154099941923,1,ss,CR
0,1,4,11,1,0.00139604099967983,1,ss,CR
0,2,1,35,1,0.00116683300075238,0,ss,MI
1,2,5,23,2,0.00121487500018702,1,ss,HI
0,1,6,11,2,0.00122262500008219,0,ss,FA
1,1,5,11,1,0.00120458400033385,1,ss,CR
1,2,4,11,1,0.00122591699982877,0,ss,MI
0,2,2,23,2,0.00123654199978773,1,ss,HI
1,2,6,23,1,0.00118083400047908,0,ss,MI
0,1,3,35,1,0.00120533300014358,1,ss,CR
1,1,4,23,1,0.00116608400003315,1,ss,CR
1,1,2,35,1,0.00116895800056227,1,ss,CR
1,1,6,23,1,0.00134620800054108,1,ss,CR
0,1,2,11,1,0.00117562499963242,1,ss,CR
0,2,1,11,1,0.00120595799944567,0,ss,MI
0,2,3,23,1,0.00121583300006023,0,ss,MI
0,2,5,23,2,0.0011915000004592,1,ss,HI
1,1,5,23,1,0.0012439580004866,1,ss,CR
0,1,4,23,1,0.00124074999985169,1,ss,CR
0,2,1,11,1,0.00118362499961222,0,ss,MI
0,1,2,11,1,0.00119708300007915,1,ss,CR
0,1,3,11,1,0.00121829199997592,1,ss,CR
0,1,2,35,1,0.00140066600033606,1,ss,CR
1,2,4,11,1,0.00119199999971897,0,ss,MI
0,1,3,11,1,0.0012220000007801,1,ss,CR
0,2,3,35,2,0.00119654199988872,1,ss,HI
0,2,3,23,1,0.0015250839996952,0,ss,MI
1,1,3,35,1,0.00115233300039108,1,ss,CR
1,1,5,23,1,0.00142016700010572,1,ss,CR
0,1,2,23,1,0.00121775000025082,1,ss,CR
0,1,2,11,1,0.00136004099931597,1,ss,CR
1,2,4,35,2,0.00119770899982541,1,ss,HI
1,1,4,35,1,0.00122462499984977,1,ss,CR
0,1,1,35,1,0.00121758299974317,1,ss,CR
1,1,4,35,1,0.00126199999976961,1,ss,CR
1,2,1,35,2,0.00117854099971737,1,ss,HI
1,1,2,23,1,0.00116283300030773,1,ss,CR
0,2,3,23,2,0.00118245899921021,1,ss,HI
1,1,2,35,1,0.0012096250002287,1,ss,CR
1,1,1,11,1,0.001233083000443,1,ss,CR
0,2,3,11,1,0.00135529199997109,0,ss,MI
0,2,4,11,2,0.00117179100016074,1,ss,HI
1,2,1,23,2,0.00122141599968018,1,ss,HI
1,1,6,35,1,0.00125120900065667,1,ss,CR
0,1,5,11,2,0.00124654200044461,0,ss,FA
1,2,1,23,2,0.00115904099948239,1,ss,HI
0,1,2,35,1,0.00134900000011839,1,ss,CR
1,2,2,11,1,0.00123824999991484,0,ss,MI
1,2,4,11,1,0.00116079100007482,0,ss,MI
1,1,5,35,1,0.0012620829993466,1,ss,CR
1,1,5,23,1,0.00141683299989381,1,ss,CR
0,2,3,11,1,0.00120758299999579,0,ss,MI
0,1,6,23,2,0.00120637500003795,0,ss,FA
1,1,5,35,1,0.00120633299957262,1,ss,CR
0,2,3,11,1,0.00124049999976705,0,ss,MI
0,2,5,11,1,0.00120525000056659,0,ss,MI
1,1,2,11,1,0.00138558400067268,1,ss,CR
0,2,6,35,2,0.00120066699946619,1,ss,HI
0,1,4,35,1,0.00120070800039684,1,ss,CR
1,1,1,23,1,0.00117133399999148,1,ss,CR
0,1,1,11,1,0.00130845800049428,1,ss,CR
1,1,3,35,1,0.00122275000012451,1,ss,CR
1,2,2,23,1,0.00143320799998037,0,ss,MI
1,2,3,35,2,0.00121483300063119,1,ss,HI
1,2,3,11,1,0.00116287499986356,0,ss,MI
0,2,1,35,2,0.0011863749996337,1,ss,HI
1,2,6,35,2,0.00119166700005735,1,ss,HI
0,1,4,11,1,0.00132433300041157,1,ss,CR
1,1,3,23,1,0.00120020800022758,1,ss,CR
1,2,3,23,2,0.00122533299963834,1,ss,HI
1,1,1,23,1,0.00120554200020706,1,ss,CR
1,1,1,11,1,0.00115020799967169,1,ss,CR
1,2,4,23,2,0.00119283399999404,1,ss,HI
1,1,3,11,1,0.00120370799959346,1,ss,CR
1,2,5,11,1,0.00118629099961254,0,ss,MI
0,2,6,35,2,0.00191479200020694,1,st,HI
1,1,2,23,2,0.00474912500067148,0,st,FA
0,2,5,35,2,0.00159033299951261,1,st,HI
1,2,4,11,2,0.00156520800010185,1,st,HI
0,1,3,11,2,0.00260320899997168,0,st,FA
1,1,1,11,2,0.00132454200047505,0,st,FA
1,1,6,23,1,0.00139395800033526,1,st,CR
1,2,1,23,2,0.001240874999894,1,st,HI
0,2,5,11,2,0.00120175000029121,1,st,HI
0,2,1,23,2,0.00134700000035082,1,st,HI
1,1,4,23,2,0.00144725000063772,0,st,FA
1,1,4,35,2,0.00119812499997352,0,st,FA
1,2,1,11,2,0.00122208300035709,1,st,HI
1,1,1,23,2,0.00120812500063039,0,st,FA
0,2,4,23,2,0.00116679099937755,1,st,HI
0,2,3,11,2,0.00117479099935736,1,st,HI
0,1,3,23,2,0.00144079199981206,0,st,FA
1,1,5,11,2,0.00118974999986676,0,st,FA
0,2,5,11,2,0.00120741699993232,1,st,HI
1,2,5,35,2,0.00116212499960966,1,st,HI
0,1,3,35,2,0.00131099999998696,0,st,FA
1,1,6,35,1,0.00129562500023894,1,st,CR
0,1,6,23,2,0.00118537500020466,0,st,FA
0,1,2,23,1,0.00126691599962214,1,st,CR
1,1,2,11,1,0.00128125000082946,1,st,CR
0,2,2,35,2,0.0011755000004996,1,st,HI
1,2,4,35,2,0.00135845799923118,1,st,HI
1,2,2,23,1,0.00165966700024001,0,st,MI
1,2,2,11,1,0.00130116699983773,0,st,MI
0,2,5,35,2,0.00120487499953015,1,st,HI
1,1,3,23,1,0.0013642499998241,1,st,CR
1,2,4,11,1,0.00147054199987906,0,st,MI
1,2,5,11,1,0.00128670899994177,0,st,MI
1,2,6,23,1,0.00128524999945512,0,st,MI
1,2,6,11,1,0.00122837500020978,0,st,MI
0,1,3,11,1,0.0011610000001383,1,st,CR
0,2,4,35,2,0.00121704199955275,1,st,HI
0,2,6,23,1,0.00119833300050232,0,st,MI
0,1,5,35,1,0.00152720900041459,1,st,CR
1,2,5,23,1,0.00122208399989177,0,st,MI
0,2,4,23,1,0.00116075000005367,0,st,MI
0,2,4,11,2,0.00115954200009583,1,st,HI
0,1,1,23,1,0.00117941700045776,1,st,CR
0,1,6,23,1,0.00115008299962938,1,st,CR
0,1,1,11,1,0.00115291699967202,1,st,CR
0,1,5,23,1,0.00116433400035021,1,st,CR
1,1,1,23,1,0.00116675000026589,1,st,CR
1,2,1,23,1,0.00141891699968255,0,st,MI
1,2,1,35,1,0.00115945800007466,0,st,MI
1,1,3,35,1,0.00119462500060763,1,st,CR
0,1,2,35,1,0.00121300000046176,1,st,CR
1,2,6,35,2,0.00119474999974045,1,st,HI
1,1,5,35,1,0.00120383299963578,1,st,CR
1,2,3,11,1,0.00118800000018382,0,st,MI
1,2,5,23,1,0.00131566599975486,0,st,MI
0,1,4,35,1,0.00122987499980809,1,st,CR
1,2,6,35,2,0.00130820799950015,1,st,HI
0,2,2,23,1,0.00136870899950736,0,st,MI
1,2,1,23,1,0.00119300000005751,0,st,MI
0,1,4,23,1,0.00123458300004131,1,st,CR
0,2,4,11,2,0.0014557499998773,1,st,HI
1,2,6,11,1,0.00120349999997416,0,st,MI
1,2,3,23,1,0.00115641600041272,0,st,MI
0,1,1,35,1,0.00118579199988744,1,st,CR
0,1,1,11,2,0.00117062499975873,0,st,FA
0,1,2,23,1,0.00120199999946635,1,st,CR
0,2,1,11,1,0.00120125000012195,0,st,MI
0,2,5,11,2,0.00120074999995268,1,st,HI
1,2,2,35,2,0.0012107089996789,1,st,HI
1,1,3,11,2,0.00118995800039556,0,st,FA
0,2,2,35,1,0.00121879200014519,0,st,MI
0,1,1,11,1,0.00115379199996823,1,st,CR
0,1,5,11,2,0.00119170800007851,0,st,FA
1,2,5,35,2,0.00118695800028945,1,st,HI
0,1,4,35,1,0.0013116660002197,1,st,CR
0,2,2,23,2,0.00120708300073602,1,st,HI
1,2,4,23,1,0.00118229100007738,0,st,MI
1,2,5,35,2,0.00120733400035533,1,st,HI
1,1,4,11,1,0.00116062500001135,1,st,CR
1,2,3,35,2,0.00119870799971977,1,st,HI
1,1,2,35,1,0.00117599999975937,1,st,CR
0,1,2,35,1,0.00117429100009758,1,st,CR
1,2,4,11,1,0.0011703749996741,0,st,MI
0,1,3,35,1,0.00141175000044313,1,st,CR
0,1,4,11,1,0.00144204200023523,1,st,CR
1,2,1,11,1,0.00115620799988392,0,st,MI
0,1,4,11,1,0.00116849999994884,1,st,CR
0,2,5,23,1,0.00118145899978117,0,st,MI
0,2,1,23,1,0.00138045799940301,0,st,MI
0,1,6,35,1,0.00116500000058295,1,st,CR
1,2,3,11,1,0.00124454199976753,0,st,MI
0,2,4,23,1,0.00128212499930669,0,st,MI
1,2,5,11,1,0.00119583300056547,0,st,MI
1,1,4,11,1,0.00121554099951027,1,st,CR
1,1,3,35,1,0.00122154200016666,1,st,CR
0,1,5,35,1,0.00128779199985729,1,st,CR
1,1,1,35,1,0.00116245800018078,1,st,CR
1,1,3,35,1,0.00114091700015706,1,st,CR
1,2,3,11,1,0.00125841599947307,0,st,MI
0,2,5,23,1,0.00137345900020591,0,st,MI
0,1,5,35,1,0.00117491599939967,1,st,CR
0,1,6,35,1,0.00119879100020626,1,st,CR
0,1,2,23,1,0.001211207999404,1,st,CR
1,2,5,11,1,0.00122762499995588,0,st,MI
1,1,3,23,1,0.00114800000028481,1,st,CR
1,2,1,11,1,0.00122983299934276,0,st,MI
1,1,2,11,1,0.00130654200074787,1,st,CR
0,2,6,35,1,0.00141954199989414,0,st,MI
0,2,2,11,1,0.00129137499970966,0,st,MI
1,1,1,11,1,0.00117483300073218,1,st,CR
1,2,2,11,1,0.0012172910001027,0,st,MI
0,1,1,23,1,0.00121458299963706,1,st,CR
1,1,6,11,1,0.00129766699956235,1,st,CR
1,2,2,11,1,0.00121416700039845,0,st,MI
0,2,3,35,2,0.00124041700019006,1,st,HI
1,2,2,35,1,0.00122458399982861,0,st,MI
1,2,3,23,1,0.00117491700075334,0,st,MI
0,2,3,23,1,0.00149650000003021,0,st,MI
0,1,4,35,1,0.00114637499973469,1,st,CR
1,1,4,35,1,0.00119391700081906,1,st,CR
0,2,6,11,1,0.00136154200026795,0,st,MI
1,2,4,35,1,0.00117095799942035,0,st,MI
1,2,1,35,1,0.00117795799997111,0,st,MI
1,1,5,23,1,0.00118308299988712,1,st,CR
1,1,5,35,1,0.00118129099973885,1,st,CR
0,1,3,35,1,0.00121483300063119,1,st,CR
0,2,3,23,1,0.00121237500025018,0,st,MI
1,1,5,23,1,0.00118745800045872,1,st,CR
0,2,1,23,1,0.00138454199986882,0,st,MI
1,2,2,35,1,0.00116379199971561,0,st,MI
0,1,3,23,1,0.00122625000039989,1,st,CR
1,2,4,35,2,0.00143083300008584,1,st,HI
0,2,3,35,2,0.00123920900023222,1,st,HI
0,1,4,23,2,0.0012424579999788,0,st,FA
1,1,4,11,1,0.00115629199990508,1,st,CR
1,2,6,35,1,0.00114537499939615,0,st,MI
0,2,6,23,1,0.00115875000028609,0,st,MI
1,2,6,23,1,0.0011530000001585,0,st,MI
1,2,3,23,1,0.00142570800016983,0,st,MI
0,2,6,23,1,0.00120562499978405,0,st,MI
0,1,2,35,1,0.00116395800068858,1,st,CR
1,2,6,11,1,0.00125695899987477,0,st,MI
1,1,2,23,1,0.00121620800018718,1,st,CR
0,2,3,11,1,0.00114974999996775,0,st,MI
0,2,1,35,1,0.00118837500031077,0,st,MI
0,2,2,11,1,0.0011499169995659,0,st,MI
1,1,4,23,1,0.0012016250002489,1,st,CR
0,1,1,35,1,0.00120512499961478,1,st,CR
1,2,3,35,1,0.00115104199994676,0,st,MI
1,2,4,23,1,0.00116554099986388,0,st,MI
1,1,2,35,1,0.00125154099987412,1,st,CR
0,2,1,35,2,0.00133520800045517,1,st,HI
0,2,2,35,2,0.00125225000010687,1,st,HI
0,2,6,35,2,0.00147266699968895,1,st,HI
1,1,2,35,1,0.00115270800051803,1,st,CR
1,2,1,35,2,0.00119787499988888,1,st,HI
0,2,4,35,2,0.00119891699978325,1,st,HI
0,2,4,35,2,0.00121162499999627,1,st,HI
1,1,2,23,1,0.00121179200050392,1,st,CR
1,1,5,11,1,0.00121549999948911,1,st,CR
0,1,5,11,1,0.00150179199954437,1,st,CR
1,2,2,23,1,0.00116995899952599,0,st,MI
0,2,5,35,2,0.00117975000011938,1,st,HI
1,2,6,23,2,0.0011907500002053,1,st,HI
1,1,3,23,1,0.00119620799978293,1,st,CR
0,1,6,11,1,0.00120574999982637,1,st,CR
0,1,5,23,2,0.00119241599986708,0,st,FA
1,2,4,23,1,0.001145207999798,0,st,MI
0,2,1,11,2,0.0012620830002561,1,st,HI
0,1,1,23,2,0.00123537499985105,0,st,FA
1,1,1,11,1,0.00126687500051048,1,st,CR
0,2,2,23,2,0.00120645799961494,1,st,HI
0,1,6,11,2,0.00118050000037329,0,st,FA
0,2,6,11,1,0.00122354199993424,0,st,MI
1,1,3,11,1,0.00122212499991292,1,st,CR
1,1,4,35,1,0.00121791700075846,1,st,CR
1,1,6,11,1,0.0011715410000761,1,st,CR
0,1,4,11,2,0.00118750000001455,0,st,FA
1,1,1,35,1,0.00119249999988824,1,st,CR
1,1,6,11,1,0.00118087499959074,1,st,CR
0,2,1,11,1,0.00117224999939936,0,st,MI
1,1,6,23,1,0.00122329199984961,1,st,CR
0,1,2,11,1,0.00116016599986324,1,st,CR
0,1,5,11,2,0.00139258399940445,0,st,FA
0,1,2,11,2,0.00120966699978453,0,st,FA
0,1,4,23,2,0.0011764580003728,0,st,FA
1,2,5,23,1,0.00116458299999067,0,st,MI
1,1,6,35,1,0.00118299999940064,1,st,CR
1,1,5,11,1,0.00136299999940093,1,st,CR
0,1,6,23,2,0.00123391700071807,0,st,FA
0,2,4,11,2,0.00118816699978197,1,st,HI
1,2,2,23,1,0.00116733300001215,0,st,MI
0,2,1,35,1,0.00122554199970182,0,st,MI
0,2,3,23,2,0.00131912500000908,1,st,HI
0,2,3,35,2,0.001172416999907,1,st,HI
0,2,6,11,1,0.00124537500050792,0,st,MI
1,2,3,35,2,0.00131429099928937,1,st,HI
1,1,4,23,1,0.00119174999963434,1,st,CR
1,1,3,11,2,0.00121850000050472,0,st,FA
0,2,5,23,2,0.00140075000035722,1,st,HI
1,1,1,35,1,0.00120445799984736,1,st,CR
0,2,3,11,2,0.00115120899954491,1,st,HI
0,1,6,11,2,0.00117150000005495,0,st,FA
1,1,2,11,1,0.00119520800035389,1,st,CR
1,1,5,35,2,0.0012326670002949,0,st,FA
1,1,6,35,1,0.00117770799988648,1,st,CR
1,1,6,23,2,0.00126179099970614,0,st,FA
0,1,3,23,2,0.00119041699963418,0,st,FA
0,1,3,11,2,0.00116595800045616,0,st,FA
0,2,2,11,1,0.00121979100003955,0,st,MI
0,1,2,11,1,0.00121195900010207,1,st,CR
0,1,6,35,1,0.00119900000026973,1,st,CR
1,1,1,23,1,0.00122866699985025,1,st,CR
0,1,5,23,1,0.00119112499942275,1,st,CR
1,1,5,23,1,0.00118399999973917,1,st,CR
0,1,1,35,1,0.00120087499999499,1,st,CR
